<?xml version="1.0" encoding="UTF-8"?>
<blueprint xmlns="http://www.osgi.org/xmlns/blueprint/v1.0.0"
           xmlns:camel="http://camel.apache.org/schema/blueprint"
           xmlns:cm="http://aries.apache.org/blueprint/xmlns/blueprint-cm/v1.1.0"
           xmlns:xsi="http://www.w3.org/2001/XMLSchema-instance"
           xmlns:enc="http://karaf.apache.org/xmlns/jasypt/v1.0.0"           
           xsi:schemaLocation="http://www.osgi.org/xmlns/blueprint/v1.0.0   https://www.osgi.org/xmlns/blueprint/v1.0.0/blueprint.xsd   http://aries.apache.org/blueprint/xmlns/blueprint-cm/v1.1.0   http://aries.apache.org/schemas/blueprint-cm/blueprint-cm-1.1.0.xsd   http://camel.apache.org/schema/blueprint   http://camel.apache.org/schema/blueprint/camel-blueprint.xsd">
    <cm:property-placeholder id="placeholder" persistent-id="sms" />
    
    <camel:sslContextParameters id="sslContextParameters">
        <camel:trustManagers>
            <camel:keyStore password="{{sms.trustManagers.keyStore.password}}"
                            resource="{{sms.trustManagers.keyStore.resource}}"
                            type="JKS" />
        </camel:trustManagers>
    </camel:sslContextParameters>   

    <enc:property-placeholder>
        <enc:encryptor class="org.jasypt.encryption.pbe.StandardPBEStringEncryptor">
            <property name="config">
                <bean class="org.jasypt.encryption.pbe.config.EnvironmentStringPBEConfig">
                    <property name="algorithm" value="PBEWithMD5AndDES" />
                    <property name="passwordEnvName" value="RBM_ENV_NAME" />
                </bean>
            </property>
        </enc:encryptor>
    </enc:property-placeholder>
    
    <bean id="procesadorMDC" class="co.com.rbm.servicios.sms.procesadores.ProcesadorMDC"/>
    
    <camelContext id="RBM-CTX-SERVICIO-SMS" messageHistory="false" trace="false" useMDCLogging="true" streamCache="true"  allowUseOriginalMessage="false"
                  xmlns="http://camel.apache.org/schema/blueprint">
        <jmxAgent disabled="false" id="agent"/>
        <route id="RBM-RT-SERVICIO-SMS-MAIN">
            <from  uri="direct-vm:sendSms" />
            <process ref="procesadorMDC"/>
            <doTry>			                              	
                <to uri="velocity:templates/smsRequest.vm" />		
                <removeHeaders id="removeHeaders1.2" pattern="CamelHttp*" />
                <setHeader headerName="Content-Type">
                    <constant>application/xml</constant>
                </setHeader>
                <setHeader headerName="CamelHttpMethod">
                    <constant>POST</constant>
                </setHeader>
                <to uri="https4://{{sms.servicio.host}}/{{sms.servicio.path}}?bridgeEndpoint=true&amp;sslContextParameters=sslContextParameters" />	
                <doCatch>
                    <exception>java.lang.Exception</exception>
                    <handled>
                        <constant>true</constant>
                    </handled>
                    <log loggingLevel="ERROR" message="ERROR: ${camelId} || ${routeId} || ${id} || ${date:now:yyyy-MM-dd'T'HH:mm:ss:SSS} || ${exception.message}" />
                    <log loggingLevel="DEBUG" message="ERROR: ${camelId} || ${routeId} || ${id} || ${date:now:yyyy-MM-dd'T'HH:mm:ss:SSS} || ${exception.stacktrace}" />                    
                </doCatch>
            </doTry>	
            <to uri="mock:end"/>	
        </route>
        
        <route id="RBM-RT-SERVICIO-SMS-LATINIA">
            <from  uri="direct-vm:sendSmsLatinia" />                 
            <doTry>                
                <removeHeaders pattern="CamelHttp*" />			
                <setHeader headerName="Authorization">
                    <simple>${property.authorization}</simple>
                </setHeader>      
                <setProperty propertyName="contentOut">
                    <simple>${body}</simple>
                </setProperty>                                   
                <setHeader headerName="Exchange.HTTP_METHOD">
                    <constant>POST</constant>
                </setHeader>
                <setHeader headerName="Content-Type">
                    <constant>text/xml; charset=UTF-8</constant>
                </setHeader>                     
                <to uri="velocity:templates/peticionLatinia.vm" />                                     
                <log loggingLevel="DEBUG" message="${camelId} || ${routeId} || ${id} || ${date:now:yyyy-MM-dd'T'HH:mm:ss:SSS} || Peticion Latinia: ${body}"/>  
                <to uri="{{sms.latinia}}" />   
                <log loggingLevel="DEBUG" message="${camelId} || ${routeId} || ${id} || ${date:now:yyyy-MM-dd'T'HH:mm:ss:SSS} || Respuesta Latinia: ${body}"/>  
                <doCatch>
                    <exception>java.lang.Exception</exception>
                    <handled>
                        <constant>true</constant>
                    </handled>                                        
                    <log loggingLevel="ERROR" message="ERROR: ${camelId} || ${routeId} || ${id} || ${date:now:yyyy-MM-dd'T'HH:mm:ss:SSS} || ${exception.message}"  />
                    <log loggingLevel="DEBUG" message="ERROR: ${camelId} || ${routeId} || ${id} || ${date:now:yyyy-MM-dd'T'HH:mm:ss:SSS} || ${exception.stacktrace}" />                    
                </doCatch>
            </doTry>	
            <to uri="mock:end"/>	
        </route>
    </camelContext>
</blueprint>
